rank,Youtuber,subscribers,video views,category,Title,uploads,Country,Abbreviation,channel_type,video_views_rank,country_rank,channel_type_rank,video_views_for_the_last_30_days,lowest_monthly_earnings,highest_monthly_earnings,lowest_yearly_earnings,highest_yearly_earnings,subscribers_for_last_30_days,created_year,created_month,created_date,Gross tertiary education enrollment (%),Population,Unemployment rate,Urban_population,Latitude,Longitude
8,PewDiePie,111000000,29058044447.0,Gaming,PewDiePie,4716,Japan,JP,Entertainment,44.0,1.0,4.0,39184000.0,9800.0,156700.0,117600.0,1900000.0,,2010.0,Apr,29.0,63.2,126226568.0,2.29,115782416.0,36.204824,138.252924
9,Like Nastya,106000000,90479060027.0,People & Blogs,Like Nastya Vlog,493,Russia,RU,People,630.0,5.0,25.0,48947000.0,12200.0,195800.0,146800.0,2300000.0,100000.0,2016.0,Jan,14.0,81.9,144373535.0,4.59,107683889.0,61.52401,105.318756
14,BLACKPINK,89800000,32144597566.0,People & Blogs,BLACKPINK,543,South Korea,KR,Music,32.0,1.0,3.0,498930000.0,124700.0,2000000.0,1500000.0,23900000.0,700000.0,2016.0,Jun,29.0,94.3,51709098.0,4.15,42106719.0,35.907757,127.766922
17,5-Minute Crafts,80100000,26236790209.0,Howto & Style,5-Minute Crafts 2.0,1,United Kingdom,GB,Entertainment,4057901.0,4797.0,6781.0,1.0,0.0,0.0,0.0,0.05,,2020.0,Jul,27.0,60.0,66834405.0,3.85,55908316.0,55.378051,-3.435973
18,BANGTANTV,75600000,20826993957.0,Music,BANGTANTV,2281,South Korea,KR,Music,112.0,2.0,4.0,168290000.0,42100.0,673200.0,504900.0,8100000.0,400000.0,2012.0,Dec,17.0,94.3,51709098.0,4.15,42106719.0,35.907757,127.766922
21,HYBE LABELS,71300000,28634566938.0,Music,HYBE LABELS,1337,South Korea,KR,Music,46.0,3.0,5.0,598173000.0,149500.0,2400000.0,1800000.0,28700000.0,900000.0,2008.0,Jun,4.0,94.3,51709098.0,4.15,42106719.0,35.907757,127.766922
40,Ed Sheeran,53500000,30367676736.0,Music,Ed Sheeran,383,United Kingdom,GB,Music,39.0,1.0,18.0,202720000.0,50700.0,810900.0,608200.0,9700000.0,100000.0,2006.0,Aug,8.0,60.0,66834405.0,3.85,55908316.0,55.378051,-3.435973
47,Get Movies,47500000,30788679536.0,Entertainment,Get Movies,3322,Russia,RU,Film,35.0,1.0,4.0,306540000.0,76600.0,1200000.0,919600.0,14700000.0,700000.0,2006.0,Dec,16.0,81.9,144373535.0,4.59,107683889.0,61.52401,105.318756
51,A4,46300000,22936630813.0,Gaming,aefour,1,Cuba,CU,People,4053056.0,99.0,5359.0,94.0,0.02,0.38,0.28,5.0,10.0,2006.0,Mar,11.0,41.4,11333483.0,1.64,8739135.0,21.521757,-77.781167
53,Fernanfloo,46100000,10323391593.0,Gaming,Fernanfloo,543,El Salvador,SV,Games,419.0,1.0,3.0,33842000.0,8500.0,135400.0,101500.0,1600000.0,200000.0,2011.0,May,2.0,29.4,6453553.0,4.11,4694702.0,13.794185,-88.89653
57,HAR PAL GEO,44600000,41139050371.0,Entertainment,HAR PAL GEO,100755,Pakistan,PK,Entertainment,20.0,1.0,15.0,1337000000.0,334300.0,5300000.0,4000000.0,64200000.0,1300000.0,2008.0,Jan,2.0,9.0,216565318.0,4.45,79927762.0,30.375321,69.345116
61,ABS-CBN Entertainment,44200000,50292540392.0,People & Blogs,ABS-CBN Entertainment,193890,Philippines,PH,Entertainment,16.0,1.0,16.0,176629000.0,44200.0,706500.0,529900.0,8500000.0,300000.0,2008.0,Jul,16.0,35.5,108116615.0,2.15,50975903.0,12.879721,121.774017
62,Alan Walker,43700000,12884264778.0,Music,alanwalker,8,Thailand,TH,Film,4056116.0,4026.0,5270.0,22.0,0.01,0.09,0.07,1.0,,2006.0,May,12.0,49.3,69625582.0,0.75,35294600.0,15.870032,100.992541
65,ýýýýýýýý ýý ýýýýýýýýýýýýýý,43200000,36458726976.0,Film & Animation,ýýýýýýýý ýý ýýýýýýýýýýýýýý,1478,Russia,RU,Education,26.0,2.0,6.0,303780000.0,75900.0,1200000.0,911300.0,14600000.0,300000.0,2011.0,May,31.0,81.9,144373535.0,4.59,107683889.0,61.52401,105.318756
66,ARY Digital HD,43200000,37939780685.0,Entertainment,ARY Digital HD,109871,Pakistan,PK,Entertainment,24.0,2.0,18.0,1149000000.0,287300.0,4600000.0,3400000.0,55200000.0,900000.0,2016.0,Jul,11.0,9.0,216565318.0,4.45,79927762.0,30.375321,69.345116
72,Kimberly Loaiza,41300000,5603111948.0,People & Blogs,Kimberly Loaiza,291,Mexico,MX,People,1157.0,2.0,1.0,136745000.0,34200.0,547000.0,410200.0,6600000.0,400000.0,2016.0,Nov,16.0,40.2,126014024.0,3.42,102626859.0,23.634501,-102.552784
74,Luisito Comunica,40600000,8670473639.0,Comedy,Luis Arturo Villar Sudek,0,Mexico,MX,Comedy,3612215.0,3021.0,,,0.0,0.0,0.0,0.0,,2010.0,Jun,18.0,40.2,126014024.0,3.42,102626859.0,23.634501,-102.552784
77,shfa2 - ï¿½ï¿½,39700000,23884824160.0,People & Blogs,shfa2 - ï¿½ï¿½,1596,United Arab Emirates,AE,People,81.0,1.0,2.0,247731000.0,61900.0,990900.0,743200.0,11900000.0,300000.0,2017.0,Nov,6.0,36.8,9770529.0,2.35,8479744.0,23.424076,53.847818
83,WorkpointOfficial,39000000,36131228583.0,Entertainment,WorkpointOfficial,72580,Thailand,TH,Entertainment,27.0,1.0,24.0,130461000.0,32600.0,521800.0,391400.0,6300000.0,200000.0,2012.0,Nov,5.0,49.3,69625582.0,0.75,35294600.0,15.870032,100.992541
94,ýýýýýýýýýýýý one31,37500000,27262462114.0,Entertainment,ýýýýýýýýýýýý one31,117152,Thailand,TH,Entertainment,56.0,2.0,29.0,140754000.0,35200.0,563000.0,422300.0,6800000.0,300000.0,2013.0,Jan,10.0,49.3,69625582.0,0.75,35294600.0,15.870032,100.992541
118,Jess No Limit,34000000,3963007415.0,Entertainment,Jess No Limit,2284,Indonesia,ID,Entertainment,1882.0,1.0,33.0,547141000.0,136800.0,2200000.0,1600000.0,26300000.0,5500000.0,2017.0,Sep,7.0,36.3,270203917.0,4.69,151509724.0,-0.789275,113.921327
126,Ch3Thailand,33500000,29611914495.0,Entertainment,Ch3Thailand,96214,Thailand,TH,Entertainment,41.0,3.0,37.0,61307000.0,0.0,0.0,0.0,0.0,100000.0,2014.0,May,29.0,49.3,69625582.0,0.75,35294600.0,15.870032,100.992541
128,NoCopyrightSounds,33400000,10530729078.0,Music,NoCopyrightSounds,1331,United Kingdom,GB,Music,402.0,3.0,44.0,55654000.0,13900.0,222600.0,167000.0,2700000.0,,2011.0,Aug,14.0,60.0,66834405.0,3.85,55908316.0,55.378051,-3.435973
130,Ricis Official,33300000,5994136760.0,People & Blogs,Ricis Official,2736,Indonesia,ID,Entertainment,1043.0,2.0,34.0,157101000.0,39300.0,628400.0,471300.0,7500000.0,1900000.0,2016.0,Jan,15.0,36.3,270203917.0,4.69,151509724.0,-0.789275,113.921327
138,Mr Bean,32100000,10602236110.0,Shows,Mr Bean,3091,United Kingdom,GB,Comedy,400.0,4.0,5.0,56534000.0,14100.0,226100.0,169600.0,2700000.0,100000.0,2006.0,Jan,4.0,60.0,66834405.0,3.85,55908316.0,55.378051,-3.435973
142,GMA  Network,31900000,19428308461.0,Entertainment,GMA  Network,93311,Philippines,PH,Entertainment,129.0,2.0,41.0,798510000.0,199600.0,3200000.0,2400000.0,38300000.0,500000.0,2006.0,Nov,20.0,35.5,108116615.0,2.15,50975903.0,12.879721,121.774017
143,GENIAL,31800000,6762424690.0,Howto & Style,GENIAL,6734,Mexico,MX,Howto,884.0,4.0,4.0,31455000.0,7900.0,125800.0,94400.0,1500000.0,,2017.0,Jun,1.0,40.2,126014024.0,3.42,102626859.0,23.634501,-102.552784
151,Peppa Pig - Official Channel,31400000,22919271731.0,Film & Animation,Peppa Pig - Official Channel,3589,United Kingdom,GB,Education,91.0,5.0,11.0,244925000.0,61200.0,979700.0,734800.0,11800000.0,300000.0,2013.0,Oct,9.0,60.0,66834405.0,3.85,55908316.0,55.378051,-3.435973
159,AboFlah,30500000,4521573939.0,Gaming,AboFlah,641,Kuwait,KW,Entertainment,1573.0,1.0,7.0,157908000.0,39500.0,631600.0,473700.0,7600000.0,1300000.0,2016.0,Jul,28.0,54.4,4207083.0,2.18,4207083.0,29.31166,47.481766
160,AH,30400000,4332274962.0,Entertainment,AH,2197,Indonesia,ID,Entertainment,1701.0,4.0,46.0,21440000.0,5400.0,85800.0,64300.0,1000000.0,,2014.0,Jan,26.0,36.3,270203917.0,4.69,151509724.0,-0.789275,113.921327
164,Adele,30200000,14199108016.0,Music,Adele,15,United Kingdom,GB,Music,248.0,6.0,53.0,137099000.0,34300.0,548400.0,411300.0,6600000.0,100000.0,2008.0,Apr,4.0,60.0,66834405.0,3.85,55908316.0,55.378051,-3.435973
168,Spinnin' Records,30100000,19607009165.0,Music,Spinnin' Records,11501,Netherlands,NL,Music,127.0,1.0,54.0,100040000.0,25000.0,400200.0,300100.0,4800000.0,100000.0,2007.0,Jul,12.0,85.0,17332850.0,3.2,15924729.0,52.132633,5.291266
186,HUM TV,28300000,23844936965.0,Entertainment,HUM TV,106983,Pakistan,PK,Entertainment,80.0,3.0,49.0,684860000.0,171200.0,2700000.0,2100000.0,32900000.0,700000.0,2011.0,May,25.0,9.0,216565318.0,4.45,79927762.0,30.375321,69.345116
191,Sandeep Maheshwari,27800000,2303069221.0,People & Blogs,Sandeepmaheshwari,0,Singapore,SG,,4057944.0,3017.0,,,0.0,0.0,0.0,0.0,1.0,2008.0,Jan,2.0,84.8,5703569.0,4.11,5703569.0,1.352083,103.819836
196,JYP Entertainment,27400000,19883150017.0,Music,JYP Entertainment,1753,South Korea,KR,Music,124.0,4.0,64.0,307631000.0,76900.0,1200000.0,922900.0,14800000.0,200000.0,2008.0,Jan,25.0,94.3,51709098.0,4.15,42106719.0,35.907757,127.766922
198,DanTDM,27400000,19417887510.0,Gaming,DanTDM,3664,United Kingdom,GB,Games,132.0,7.0,16.0,78668000.0,19700.0,314700.0,236000.0,3800000.0,500000.0,2012.0,Jul,14.0,60.0,66834405.0,3.85,55908316.0,55.378051,-3.435973
209,Raffy Tulfo in Action,26500000,15065753455.0,News & Politics,Raffy Tulfo in Action,10022,Philippines,PH,News,219.0,3.0,5.0,163130000.0,40800.0,652500.0,489400.0,7800000.0,300000.0,2016.0,Apr,20.0,35.5,108116615.0,2.15,50975903.0,12.879721,121.774017
216,Junya.ï¿½ï¿½ï¿½ï¿½,26200000,16097531087.0,Entertainment,Junya.ï¿½ï¿½ï¿½ï¿½,5985,Japan,JP,Entertainment,184.0,2.0,56.0,721848000.0,180500.0,2900000.0,2200000.0,34600000.0,1100000.0,2020.0,Sep,14.0,63.2,126226568.0,2.29,115782416.0,36.204824,138.252924
222,Indosiar,25900000,11372071889.0,Music,Indosiar,65286,Indonesia,ID,Entertainment,358.0,5.0,60.0,230183000.0,57500.0,920700.0,690500.0,11000000.0,600000.0,2013.0,Sep,23.0,36.3,270203917.0,4.69,151509724.0,-0.789275,113.921327
225,LosPolinesios,25700000,7466926260.0,People & Blogs,LosPolinesios,982,Mexico,MX,People,746.0,8.0,7.0,30501000.0,7600.0,122000.0,91500.0,1500000.0,,2012.0,Dec,16.0,40.2,126014024.0,3.42,102626859.0,23.634501,-102.552784
231,Rans Entertainment,25400000,6430853035.0,People & Blogs,Rans Entertainment,3716,Indonesia,ID,Entertainment,942.0,6.0,62.0,58487000.0,14600.0,233900.0,175500.0,2800000.0,100000.0,2015.0,Dec,27.0,36.3,270203917.0,4.69,151509724.0,-0.789275,113.921327
233,Coldplay,25300000,17331663193.0,Music,Coldplay,398,United Kingdom,GB,Music,160.0,8.0,70.0,198875000.0,49700.0,795500.0,596600.0,9500000.0,100000.0,2010.0,Jan,3.0,60.0,66834405.0,3.85,55908316.0,55.378051,-3.435973
241,TRANS7 OFFICIAL,25000000,14169516119.0,Entertainment,TRANS7 OFFICIAL,89179,Indonesia,ID,Entertainment,251.0,7.0,64.0,123189000.0,30800.0,492800.0,369600.0,5900000.0,100000.0,2014.0,Sep,4.0,36.3,270203917.0,4.69,151509724.0,-0.789275,113.921327
243,Dan Rhodes,24800000,17387583720.0,Entertainment,Dan Rhodes,1644,United Kingdom,GB,Entertainment,157.0,9.0,66.0,331889000.0,83000.0,1300000.0,995700.0,15900000.0,500000.0,2015.0,Oct,30.0,60.0,66834405.0,3.85,55908316.0,55.378051,-3.435973
244,Yuya,24800000,2588501115.0,Howto & Style,Yuya,672,Mexico,MX,Howto,3505.0,9.0,6.0,336291.0,84.0,1300.0,1000.0,16100.0,,2009.0,Sep,20.0,40.2,126014024.0,3.42,102626859.0,23.634501,-102.552784
251,1theK (ï¿½ï¿½ï¿½ï¿½ï,24500000,23962070944.0,Music,1theK (ï¿½ï¿½ï¿½ï¿½ï,18950,South Korea,KR,Entertainment,79.0,6.0,67.0,105567000.0,26400.0,422300.0,316700.0,5100000.0,,2011.0,Jan,31.0,94.3,51709098.0,4.15,42106719.0,35.907757,127.766922
255,MrBeast en Espaï¿½ï,24200000,2700914170.0,Entertainment,MrBeast en Espaï¿½ï,67,Mexico,MX,Entertainment,3309.0,10.0,70.0,33590000.0,8400.0,134400.0,100800.0,1600000.0,100000.0,2021.0,Jul,9.0,40.2,126014024.0,3.42,102626859.0,23.634501,-102.552784
256,shfa show India,24200000,15724160183.0,,shfa show India,469,United Arab Emirates,AE,People,203.0,3.0,9.0,151208000.0,37800.0,604800.0,453600.0,7300000.0,200000.0,2019.0,Apr,1.0,36.8,9770529.0,2.35,8479744.0,23.424076,53.847818
263,KSI,24100000,6002166932.0,Entertainment,KSI,1252,United Kingdom,GB,Music,1053.0,10.0,76.0,5439000.0,1400.0,21800.0,16300.0,261100.0,,2009.0,Jul,25.0,60.0,66834405.0,3.85,55908316.0,55.378051,-3.435973
275,Mister Max,23700000,15510153803.0,People & Blogs,Mister Max,1099,United Kingdom,GB,Entertainment,208.0,11.0,74.0,32817000.0,8200.0,131300.0,98400.0,1600000.0,,2014.0,Sep,22.0,60.0,66834405.0,3.85,55908316.0,55.378051,-3.435973
278,Juan De Dios Pantoja,23600000,2135644776.0,Entertainment,Juan De Dios Pantoja,226,Mexico,MX,People,4529.0,11.0,10.0,46862000.0,11700.0,187400.0,140600.0,2200000.0,200000.0,2014.0,Jun,9.0,40.2,126014024.0,3.42,102626859.0,23.634501,-102.552784
281,Peppa Pig Espaï¿½ï¿½ï¿½ï¿½ï¿½ï¿½ï¿½ï¿½ï¿½,23600000,7920637200.0,Film & Animation,Peppa Pig Espaï¿½ï¿½ï¿½ï¿½ï¿½ï¿½ï¿½ï¿½ï¿½,1251,United Kingdom,GB,Film,668.0,12.0,19.0,53589000.0,13400.0,214400.0,160800.0,2600000.0,100000.0,2014.0,Jul,28.0,60.0,66834405.0,3.85,55908316.0,55.378051,-3.435973
282,Jelly,23500000,14777034543.0,Gaming,Jelly,6066,United Kingdom,GB,Games,229.0,13.0,20.0,41669000.0,10400.0,166700.0,125000.0,2000000.0,,2014.0,May,27.0,60.0,66834405.0,3.85,55908316.0,55.378051,-3.435973
283,Miss Katy,23500000,14696994366.0,People & Blogs,Miss Katy,1044,United Kingdom,GB,Entertainment,235.0,13.0,76.0,59629000.0,14900.0,238500.0,178900.0,2900000.0,,2014.0,Nov,17.0,60.0,66834405.0,3.85,55908316.0,55.378051,-3.435973
291,GMM GRAMMY OFFICIAL,23100000,25579831081.0,Music,GMM GRAMMY OFFICIAL,15462,Thailand,TH,Music,68.0,4.0,81.0,130233000.0,32600.0,520900.0,390700.0,6300000.0,,2010.0,Nov,8.0,49.3,69625582.0,0.75,35294600.0,15.870032,100.992541
295,Tsuriki Show,23000000,31494513067.0,Entertainment,Tsuriki Show,2905,Germany,DE,Comedy,34.0,1.0,15.0,756717000.0,189200.0,3000000.0,2300000.0,36300000.0,800000.0,2019.0,Jul,10.0,70.2,83132799.0,3.04,64324835.0,51.165691,10.451526
302,BabyBus - Canciones Infantiles & Videos para Niï¿½ï,22900000,13206471140.0,Education,BabyBus - Canciones Infantiles & Videos paraï¿½,1251,Mexico,MX,Education,278.0,12.0,17.0,136821000.0,34200.0,547300.0,410500.0,6600000.0,200000.0,2018.0,Mar,19.0,40.2,126014024.0,3.42,102626859.0,23.634501,-102.552784
321,Sagawa /ï¿½ï¿½ï¿½,22000000,18347969186.0,Entertainment,Sagawa /ï¿½ï¿½ï¿½,6274,Japan,JP,Entertainment,144.0,3.0,88.0,711254000.0,177800.0,2800000.0,2100000.0,34100000.0,800000.0,2021.0,Feb,13.0,63.2,126226568.0,2.29,115782416.0,36.204824,138.252924
325,Disney Latinoamï¿½ï¿½,21900000,20657571751.0,Entertainment,disneylatinoamerica,116,Mexico,MX,Music,1277277.0,2973.0,4085.0,4719.0,1.0,19.0,14.0,227.0,,2008.0,Apr,7.0,40.2,126014024.0,3.42,102626859.0,23.634501,-102.552784
328,Dua Lipa,21800000,11288359365.0,Music,Dua Lipa,164,United Kingdom,GB,Music,368.0,14.0,87.0,128047000.0,32000.0,512200.0,384100.0,6100000.0,100000.0,2011.0,Feb,5.0,60.0,66834405.0,3.85,55908316.0,55.378051,-3.435973
329,OneDirectionVEVO,21800000,12140232004.0,Music,OneDirectionVEVO,266,United Kingdom,GB,Music,322.0,14.0,87.0,51134000.0,12800.0,204500.0,153400.0,2500000.0,,2010.0,Dec,4.0,60.0,66834405.0,3.85,55908316.0,55.378051,-3.435973
333,ZAMZAM ELECTRONICS TRADING,21700000,8507818877.0,,ZAMZAM ELECTRONICS TRADING,15126,United Arab Emirates,AE,People,608.0,4.0,14.0,1598000000.0,399600.0,6400000.0,4800000.0,76700000.0,3400000.0,2020.0,Dec,19.0,36.8,9770529.0,2.35,8479744.0,23.424076,53.847818
338,Tlnovelas,21500000,15013096899.0,News & Politics,tlnovelas,158,Mexico,MX,Entertainment,1936958.0,2063.0,2940.0,15459.0,4.0,62.0,46.0,742.0,,2014.0,Jan,2.0,40.2,126014024.0,3.42,102626859.0,23.634501,-102.552784
341,YOLO,21400000,1573058816.0,Comedy,YOLO,0,Germany,DE,,4057944.0,3810.0,,,0.0,0.0,0.0,0.0,5.0,2013.0,Jun,11.0,70.2,83132799.0,3.04,64324835.0,51.165691,10.451526
350,GMA Public  Affairs,21200000,11364908616.0,Entertainment,GMA Public  Affairs,31989,Philippines,PH,News,359.0,4.0,7.0,142317000.0,35600.0,569300.0,427000.0,6800000.0,200000.0,2009.0,Aug,8.0,35.5,108116615.0,2.15,50975903.0,12.879721,121.774017
352,Baim Paula,21100000,4526271677.0,People & Blogs,Baim Paula,2325,Indonesia,ID,Entertainment,1583.0,8.0,94.0,26974000.0,6700.0,107900.0,80900.0,1300000.0,100000.0,2016.0,Jun,4.0,36.3,270203917.0,4.69,151509724.0,-0.789275,113.921327
364,Kurzgesagt ï¿½ï¿½ï¿½ï¿½ï¿½ï¿,20800000,2378448129.0,Education,Kurzgesagt ï¿½ï¿½ï¿½ï¿½ï¿½ï¿,193,Germany,DE,Education,3914.0,2.0,21.0,29269000.0,7300.0,117100.0,87800.0,1400000.0,100000.0,2013.0,Jul,9.0,70.2,83132799.0,3.04,64324835.0,51.165691,10.451526
368,tuzelity SHUFFLE,20700000,8658941531.0,People & Blogs,tuzelity SHUFFLE,889,Russia,RU,People,570.0,3.0,18.0,552266000.0,138100.0,2200000.0,1700000.0,26500000.0,1600000.0,2015.0,Oct,26.0,81.9,144373535.0,4.59,107683889.0,61.52401,105.318756
370,Deddy Corbuzier,20600000,4956090094.0,Entertainment,deddycorbuzier,15,Indonesia,ID,Entertainment,3539124.0,4044.0,6217.0,85.0,0.02,0.34,0.26,4.0,1.0,2007.0,Jul,23.0,36.3,270203917.0,4.69,151509724.0,-0.789275,113.921327
373,Mnet K-POP,20500000,15038593883.0,Entertainment,Mnet K-POP,33229,South Korea,KR,Entertainment,220.0,7.0,99.0,158540000.0,39600.0,634200.0,475600.0,7600000.0,100000.0,2006.0,Mar,9.0,94.3,51709098.0,4.15,42106719.0,35.907757,127.766922
382,Got Talent Global,20300000,2441288701.0,Entertainment,Got Talent Global,1245,United Kingdom,GB,Entertainment,3750.0,15.0,101.0,86457000.0,21600.0,345800.0,259400.0,4100000.0,100000.0,2013.0,Jan,31.0,60.0,66834405.0,3.85,55908316.0,55.378051,-3.435973
384,BabyBus - Cerita & Lagu Anak-anak,20300000,11819051552.0,Education,BabyBus - Cerita & Lagu Anak-anak,875,Indonesia,ID,Education,332.0,10.0,22.0,112768000.0,28200.0,451100.0,338300.0,5400000.0,100000.0,2019.0,Jan,14.0,36.3,270203917.0,4.69,151509724.0,-0.789275,113.921327
386,Noor Stars,20200000,2764127969.0,Comedy,Noor Stars,693,United Arab Emirates,AE,Entertainment,3238.0,5.0,102.0,15556000.0,3900.0,62200.0,46700.0,746700.0,100000.0,2014.0,Apr,24.0,36.8,9770529.0,2.35,8479744.0,23.424076,53.847818
391,MiawAug,20200000,6098644584.0,Gaming,MiawAug,3713,Indonesia,ID,Games,1023.0,11.0,27.0,64489000.0,16100.0,258000.0,193500.0,3100000.0,200000.0,2014.0,Mar,15.0,36.3,270203917.0,4.69,151509724.0,-0.789275,113.921327
403,Gordon Ramsay,20000000,3875172235.0,Entertainment,Gordon Ramsay,1527,United Kingdom,GB,Entertainment,2001.0,16.0,104.0,39228000.0,9800.0,156900.0,117700.0,1900000.0,200000.0,2006.0,Apr,29.0,60.0,66834405.0,3.85,55908316.0,55.378051,-3.435973
407,HaerteTest,19800000,3234880084.0,Science & Technology,HaerteTest,1411,Germany,DE,Tech,2583.0,3.0,6.0,5650000.0,1400.0,22600.0,17000.0,271200.0,,2011.0,Sep,6.0,70.2,83132799.0,3.04,64324835.0,51.165691,10.451526
413,Britain's Got Talent,19700000,11323617496.0,Entertainment,Britain's Got Talent,4225,United Kingdom,GB,Entertainment,364.0,17.0,106.0,54192000.0,13500.0,216800.0,162600.0,2600000.0,100000.0,2008.0,Apr,12.0,60.0,66834405.0,3.85,55908316.0,55.378051,-3.435973
414,SCTV,19700000,9808676159.0,Entertainment,SCTV,267,United Kingdom,GB,Music,2831648.0,3695.0,4668.0,336.0,0.08,1.0,1.0,16.0,,2006.0,Mar,25.0,60.0,66834405.0,3.85,55908316.0,55.378051,-3.435973
422,JukiLop,19400000,1577859332.0,People & Blogs,JukiLop,85,Mexico,MX,People,6674.0,14.0,22.0,2382000.0,595.0,9500.0,7100.0,114300.0,100000.0,2017.0,Sep,15.0,40.2,126014024.0,3.42,102626859.0,23.634501,-102.552784
424,FIFA,19400000,5529131886.0,Sports,FIFA,10728,Switzerland,CH,Sports,1186.0,1.0,5.0,58863000.0,14700.0,235500.0,176600.0,2800000.0,100000.0,2006.0,Sep,6.0,59.6,8574832.0,4.58,6332428.0,46.818188,8.227512
435,SUPER SLICK SLIME SAM,19000000,7229175322.0,Howto & Style,SUPER SLICK SLIME SAM,903,Mexico,MX,Howto,786.0,15.0,111.0,123338000.0,30800.0,493400.0,370000.0,5900000.0,200000.0,2018.0,Jan,23.0,40.2,126014024.0,3.42,102626859.0,23.634501,-102.552784
438,Calvin Harris,19000000,16014044618.0,Music,Calvin Harris,79,United Kingdom,GB,Music,191.0,18.0,99.0,102410000.0,25600.0,409600.0,307200.0,4900000.0,100000.0,2007.0,Feb,11.0,60.0,66834405.0,3.85,55908316.0,55.378051,-3.435973
439,KBS WORLD TV,19000000,15126092508.0,Entertainment,KBS WORLD TV,64496,South Korea,KR,Entertainment,217.0,8.0,111.0,107989000.0,27000.0,432000.0,324000.0,5200000.0,,2007.0,Jan,6.0,94.3,51709098.0,4.15,42106719.0,35.907757,127.766922
440,HiMan,18900000,2855519150.0,People & Blogs,HiMan,375,Russia,RU,Entertainment,3094.0,4.0,112.0,24563000.0,6100.0,98300.0,73700.0,1200000.0,,2014.0,Oct,16.0,81.9,144373535.0,4.59,107683889.0,61.52401,105.318756
442,Little Angel Espaï¿½ï¿½ï¿½ï¿½ï¿½ï¿½ï¿½ï¿½ï¿½,18900000,9813245108.0,Education,Little Angel Espaï¿½ï¿½ï¿½ï¿½ï¿½ï¿½ï¿½ï¿½ï¿½,719,Mexico,MX,Education,459.0,16.0,24.0,140398000.0,35100.0,561600.0,421200.0,6700000.0,,2018.0,Jan,26.0,40.2,126014024.0,3.42,102626859.0,23.634501,-102.552784
444,Sidemen,18800000,5257834105.0,Entertainment,Sidemen,312,United Kingdom,GB,Entertainment,1263.0,19.0,113.0,78158000.0,19500.0,312600.0,234500.0,3800000.0,100000.0,2015.0,Jun,14.0,60.0,66834405.0,3.85,55908316.0,55.378051,-3.435973
454,GRAMMY GOLD OFFICIAL,18600000,20196704276.0,Music,GRAMMY GOLD OFFICIAL,6287,Thailand,TH,Music,121.0,5.0,101.0,168597000.0,42100.0,674400.0,505800.0,8100000.0,100000.0,2014.0,Jan,15.0,49.3,69625582.0,0.75,35294600.0,15.870032,100.992541
457,Marmok,18500000,3457618361.0,Gaming,Marmok,374,Russia,RU,Games,2356.0,5.0,32.0,38282000.0,9600.0,153100.0,114800.0,1800000.0,100000.0,2008.0,Apr,27.0,81.9,144373535.0,4.59,107683889.0,61.52401,105.318756
459,Like Nastya Vlog,18500000,8147575884.0,People & Blogs,Like Nastya Vlog,493,Russia,RU,People,630.0,5.0,25.0,48947000.0,12200.0,195800.0,146800.0,2300000.0,100000.0,2016.0,Jan,14.0,81.9,144373535.0,4.59,107683889.0,61.52401,105.318756
460,Willie Salim,18500000,4051072188.0,People & Blogs,Willie Salim,679,Indonesia,ID,People,1868.0,13.0,25.0,197369000.0,49300.0,789500.0,592100.0,9500000.0,1600000.0,2014.0,Jan,6.0,36.3,270203917.0,4.69,151509724.0,-0.789275,113.921327
463,RsiamMusic : ï¿½ï¿½ï¿½ï¿½ï¿½ï¿½ï¿½ï¿½,18400000,11544297793.0,Music,RsiamMusic : ï¿½ï¿½ï¿½ï¿½ï¿½ï¿½ï¿½ï¿½,3159,Thailand,TH,Music,346.0,6.0,103.0,54133000.0,13500.0,216500.0,162400.0,2600000.0,100000.0,2011.0,Mar,8.0,49.3,69625582.0,0.75,35294600.0,15.870032,100.992541
466,Naisa Alifia Yuriza (N.A.Y),18300000,1606834186.0,People & Blogs,Naisa Alifia Yuriza (N.A.Y),786,Indonesia,ID,Entertainment,6502.0,14.0,117.0,17063000.0,4300.0,68300.0,51200.0,819000.0,,2017.0,Jul,8.0,36.3,270203917.0,4.69,151509724.0,-0.789275,113.921327
473,GEN HALILINTAR,18100000,3306242674.0,Entertainment,GEN HALILINTAR,1037,Indonesia,ID,Entertainment,2498.0,15.0,119.0,27312000.0,6800.0,109200.0,81900.0,1300000.0,,2015.0,Mar,4.0,36.3,270203917.0,4.69,151509724.0,-0.789275,113.921327
476,officialpsy,18100000,10703830496.0,Music,officialpsy,131,South Korea,KR,Music,393.0,10.0,104.0,64989000.0,16200.0,260000.0,195000.0,3100000.0,,2010.0,Oct,4.0,94.3,51709098.0,4.15,42106719.0,35.907757,127.766922
490,Like Nastya VNM,17900000,9867515979.0,Entertainment,Like Nastya VNM,602,Vietnam,VN,Entertainment,455.0,1.0,121.0,84467000.0,21100.0,337900.0,253400.0,4100000.0,100000.0,2019.0,Nov,22.0,28.5,96462106.0,2.01,35332140.0,14.058324,108.277199
496,ýýýýýýýýý KIMPRO,17700000,19206701832.0,,ýýýýýýýýý KIMPRO,1646,South Korea,KR,People,125.0,9.0,26.0,3404000000.0,850900.0,13600000.0,10200000.0,163400000.0,3200000.0,2017.0,Nov,11.0,94.3,51709098.0,4.15,42106719.0,35.907757,127.766922
497,Jane ASMR ï¿½ï¿½,17700000,7387621644.0,,Jane ASMR ï¿½ï¿½,1888,South Korea,KR,People,762.0,11.0,30.0,102803000.0,0.0,0.0,0.0,0.0,,2012.0,Nov,17.0,94.3,51709098.0,4.15,42106719.0,35.907757,127.766922
500,tanboy kun,17700000,3647267655.0,People & Blogs,tanboy kun,739,Indonesia,ID,Entertainment,2169.0,17.0,122.0,48174000.0,12000.0,192700.0,144500.0,2300000.0,100000.0,2016.0,Oct,27.0,36.3,270203917.0,4.69,151509724.0,-0.789275,113.921327
504,Les' Copaque Production,17700000,9059696049.0,Film & Animation,Les' Copaque Production,1716,Malaysia,MY,Entertainment,531.0,1.0,123.0,117727000.0,29400.0,470900.0,353200.0,5700000.0,200000.0,2009.0,Nov,9.0,45.1,32447385.0,3.32,24475766.0,4.210484,101.975766
506,zbing z.,17600000,9269174070.0,Gaming,zbing z.,3151,Thailand,TH,Games,511.0,7.0,36.0,55127000.0,13800.0,220500.0,165400.0,2600000.0,,2014.0,Mar,12.0,49.3,69625582.0,0.75,35294600.0,15.870032,100.992541
507,MissaSinfonia,17600000,2274007523.0,Comedy,MissaSinfonia,233,Mexico,MX,Comedy,4139.0,17.0,25.0,27445000.0,6900.0,109800.0,82300.0,1300000.0,100000.0,2011.0,Jan,5.0,40.2,126014024.0,3.42,102626859.0,23.634501,-102.552784
508,ýýýýýýýýý Liziqi,17600000,2977741577.0,Howto & Style,ýýýýýýýýý Liziqi,128,China,CN,Howto,2917.0,1.0,16.0,22354000.0,5600.0,89400.0,67100.0,1100000.0,100000.0,2017.0,Aug,22.0,50.6,1397715000.0,4.32,842933962.0,35.86166,104.195397
511,JFlaMusic,17600000,3802280098.0,Music,JFlaMusic,326,South Korea,KR,Music,2056.0,12.0,109.0,11099000.0,2800.0,44400.0,33300.0,532700.0,,2011.0,Aug,22.0,94.3,51709098.0,4.15,42106719.0,35.907757,127.766922
517,AMARINTV : ï¿½ï¿½ï¿½ï¿½ï¿½ï¿½ï¿½ï¿½ï¿½ï¿½ï¿½ï¿½,17400000,13043561912.0,Entertainment,AMARINTV : ï¿½ï¿½ï¿½ï¿½ï¿½ï¿½ï¿½ï¿½ï¿½ï¿½ï¿½ï¿½,118448,Thailand,TH,News,286.0,8.0,11.0,235993000.0,59000.0,944000.0,708000.0,11300000.0,200000.0,2014.0,Feb,5.0,49.3,69625582.0,0.75,35294600.0,15.870032,100.992541
530,TheBrianMaps,17100000,4448334716.0,Comedy,TheBrianMaps,498,Russia,RU,Entertainment,1624.0,6.0,126.0,37164000.0,9300.0,148700.0,111500.0,1800000.0,100000.0,2012.0,Jun,4.0,81.9,144373535.0,4.59,107683889.0,61.52401,105.318756
531,TRANS TV Official,17100000,9710962528.0,Entertainment,TRANS TV Official,148225,Indonesia,ID,Entertainment,472.0,18.0,127.0,45811000.0,11500.0,183200.0,137400.0,2200000.0,100000.0,2014.0,Sep,2.0,36.3,270203917.0,4.69,151509724.0,-0.789275,113.921327
533,Queen Official,17000000,10847948832.0,Music,Queen Official,1015,United Kingdom,GB,Music,385.0,21.0,112.0,93768000.0,23400.0,375100.0,281300.0,4500000.0,100000.0,2008.0,Jul,7.0,60.0,66834405.0,3.85,55908316.0,55.378051,-3.435973
547,Like Nastya IDN,16800000,7195314800.0,Entertainment,Like Nastya IDN,502,Indonesia,ID,Entertainment,795.0,19.0,130.0,42836000.0,10700.0,171300.0,128500.0,2100000.0,100000.0,2019.0,Nov,22.0,36.3,270203917.0,4.69,151509724.0,-0.789275,113.921327
553,Tu COSMOPOLIS,16700000,5089284369.0,People & Blogs,Tu COSMOPOLIS,8741,Mexico,MX,People,1337.0,19.0,35.0,16139000.0,4000.0,64600.0,48400.0,774700.0,,2014.0,Aug,28.0,40.2,126014024.0,3.42,102626859.0,23.634501,-102.552784
554,Ivana Alawi,16600000,1318442641.0,,Ivana Alawi,180,Philippines,PH,People,8338.0,5.0,36.0,15079000.0,3800.0,60300.0,45200.0,723800.0,100000.0,2018.0,Jun,1.0,35.5,108116615.0,2.15,50975903.0,12.879721,121.774017
555,Werever2morro,16600000,2798273962.0,Entertainment,werever2morro,0,Mexico,MX,Games,4057944.0,4248.0,7462.0,,0.0,0.0,0.0,0.0,,2010.0,Dec,7.0,40.2,126014024.0,3.42,102626859.0,23.634501,-102.552784
560,Younes Zarou,16600000,15278668857.0,Entertainment,Younes Zarou,2200,Germany,DE,Entertainment,213.0,4.0,131.0,617257000.0,154300.0,2500000.0,1900000.0,29600000.0,900000.0,2021.0,May,6.0,70.2,83132799.0,3.04,64324835.0,51.165691,10.451526
567,Kaykai Salaider,16400000,4434679706.0,Comedy,Kaykai Salaider,428,Thailand,TH,Entertainment,1636.0,9.0,134.0,9341000.0,2300.0,37400.0,28000.0,448400.0,,2011.0,Jan,24.0,49.3,69625582.0,0.75,35294600.0,15.870032,100.992541
569,Ch7HD,16400000,9463244435.0,Entertainment,Ch7HD,56203,Thailand,TH,Entertainment,496.0,9.0,134.0,87757000.0,21900.0,351000.0,263300.0,4200000.0,100000.0,2010.0,May,17.0,49.3,69625582.0,0.75,35294600.0,15.870032,100.992541
572,GMMTV OFFICIALï¿½ï¿½,16400000,12844432341.0,Entertainment,GMMTV OFFICIALï¿½ï¿½,23952,Thailand,TH,Entertainment,294.0,9.0,134.0,181382000.0,45300.0,725500.0,544100.0,8700000.0,200000.0,2010.0,Sep,13.0,49.3,69625582.0,0.75,35294600.0,15.870032,100.992541
576,Little Mix,16300000,7520242626.0,Music,Little Mix,278,United Kingdom,GB,Music,740.0,22.0,117.0,38604000.0,9700.0,154400.0,115800.0,1900000.0,,2011.0,Nov,30.0,60.0,66834405.0,3.85,55908316.0,55.378051,-3.435973
577,SAM SMITH,16300000,10170264839.0,Music,SAM SMITH,230,United Kingdom,GB,Entertainment,428.0,22.0,135.0,85778000.0,21400.0,343100.0,257300.0,4100000.0,,2012.0,Sep,14.0,60.0,66834405.0,3.85,55908316.0,55.378051,-3.435973
581,W2S,16300000,4768370464.0,Gaming,W2S,652,United Kingdom,GB,Entertainment,1455.0,22.0,135.0,3079000.0,770.0,12300.0,9200.0,147800.0,,2012.0,Jul,26.0,60.0,66834405.0,3.85,55908316.0,55.378051,-3.435973
585,JJ Olatunji,16200000,4076692623.0,Gaming,JJ Olatunji,1294,United Kingdom,GB,Entertainment,1856.0,23.0,136.0,27808000.0,7000.0,111200.0,83400.0,1300000.0,100000.0,2011.0,Jan,26.0,60.0,66834405.0,3.85,55908316.0,55.378051,-3.435973
586,POPS Kids,16200000,9763592867.0,Music,POPS Kids,3943,Vietnam,VN,Film,462.0,2.0,30.0,256733000.0,64200.0,1000000.0,770200.0,12300000.0,200000.0,2014.0,Jan,14.0,28.5,96462106.0,2.01,35332140.0,14.058324,108.277199
587,Thairath Online,16200000,14563841315.0,News & Politics,Thairath Online,244899,Thailand,TH,News,238.0,10.0,14.0,224756000.0,56200.0,899000.0,674300.0,10800000.0,100000.0,2010.0,Sep,27.0,49.3,69625582.0,0.75,35294600.0,15.870032,100.992541
588,LEGO,16200000,20522339099.0,Entertainment,LEGO,31889,Singapore,SG,Entertainment,116.0,1.0,136.0,117209000.0,29300.0,468800.0,351600.0,5600000.0,200000.0,2005.0,Oct,22.0,84.8,5703569.0,4.11,5703569.0,1.352083,103.819836
592,Dyland PROS,16100000,1517638132.0,Entertainment,Dyland PROS,2805,Indonesia,ID,Games,6986.0,21.0,41.0,9619000.0,2400.0,38500.0,28900.0,461700.0,,2015.0,Jan,28.0,36.3,270203917.0,4.69,151509724.0,-0.789275,113.921327
601,La Rosa de Guadalupe,16100000,9642146451.0,Entertainment,larosadeguadalupe,0,Mexico,MX,Games,4057944.0,4258.0,7472.0,,0.0,0.0,0.0,0.0,,2008.0,Sep,3.0,40.2,126014024.0,3.42,102626859.0,23.634501,-102.552784
604,Antrax,16000000,3029872908.0,Gaming,Antrax,687,Mexico,MX,Games,2844.0,23.0,42.0,4698000.0,1200.0,18800.0,14100.0,225500.0,,2015.0,May,25.0,40.2,126014024.0,3.42,102626859.0,23.634501,-102.552784
606,Totoy kids - Espaï¿½ï,16000000,5997599089.0,Film & Animation,Totoy kids - Espaï¿½ï,344,Mexico,MX,Film,1048.0,23.0,31.0,112393000.0,28100.0,449600.0,337200.0,5400000.0,200000.0,2017.0,Sep,7.0,40.2,126014024.0,3.42,102626859.0,23.634501,-102.552784
607,ýýýýýýýýýý,15900000,1845329502.0,People & Blogs,Kung Fu Padla,0,Russia,RU,Games,4057944.0,3309.0,5665.0,,0.0,0.0,0.0,0.0,10.0,2017.0,May,27.0,81.9,144373535.0,4.59,107683889.0,61.52401,105.318756
616,Arif muhammad,15800000,4122634467.0,People & Blogs,Arif muhammad,542,Indonesia,ID,Comedy,1816.0,22.0,26.0,71870000.0,18000.0,287500.0,215600.0,3400000.0,100000.0,2017.0,Jan,18.0,36.3,270203917.0,4.69,151509724.0,-0.789275,113.921327
620,MY FAMILY,15700000,6153495609.0,,My Family,150,Singapore,SG,People,731590.0,1203.0,3244.0,939647.0,235.0,3800.0,2800.0,45100.0,800.0,2019.0,Dec,3.0,84.8,5703569.0,4.11,5703569.0,1.352083,103.819836
624,Caeli YT,15600000,1511794214.0,Entertainment,Caeli YT,483,Mexico,MX,Entertainment,7440.0,24.0,140.0,62551000.0,0.0,0.0,0.0,0.0,,2010.0,Sep,22.0,40.2,126014024.0,3.42,102626859.0,23.634501,-102.552784
629,Blippi Espaï¿½ï,15500000,8984089026.0,People & Blogs,Blippi Espaï¿½ï,598,Mexico,MX,Education,538.0,24.0,32.0,90012000.0,22500.0,360000.0,270000.0,4300000.0,100000.0,2017.0,Jan,13.0,40.2,126014024.0,3.42,102626859.0,23.634501,-102.552784
640,FFUNTV,15400000,11513738907.0,Gaming,FFUNTV,379,United Arab Emirates,AE,Entertainment,349.0,6.0,141.0,80172000.0,20000.0,320700.0,240500.0,3800000.0,200000.0,2018.0,Jul,18.0,36.8,9770529.0,2.35,8479744.0,23.424076,53.847818
643,Mrwhosetheboss,15400000,3736069980.0,Science & Technology,Mrwhosetheboss,1577,United Kingdom,GB,Tech,2083.0,24.0,12.0,167697000.0,41900.0,670800.0,503100.0,8000000.0,400000.0,2011.0,Apr,20.0,60.0,66834405.0,3.85,55908316.0,55.378051,-3.435973
644,Genierock,15400000,14564170905.0,Music,Genierock,1725,Thailand,TH,Music,239.0,11.0,124.0,82798000.0,20700.0,331200.0,248400.0,4000000.0,100000.0,2008.0,Mar,9.0,49.3,69625582.0,0.75,35294600.0,15.870032,100.992541
646,Kerajinan 5-Menit,15400000,4750420071.0,People & Blogs,Kerajinan 5-Menit,4186,Indonesia,ID,Howto,1461.0,23.0,23.0,19740000.0,4900.0,79000.0,59200.0,947500.0,,2018.0,Nov,21.0,36.3,270203917.0,4.69,151509724.0,-0.789275,113.921327
650,ILYA BORZOV,15300000,9938811455.0,People & Blogs,ILYA BORZOV,2175,Russia,RU,People,441.0,8.0,42.0,475565000.0,118900.0,1900000.0,1400000.0,22800000.0,800000.0,2021.0,Apr,1.0,81.9,144373535.0,4.59,107683889.0,61.52401,105.318756
654,Niana Guerrero,15200000,1491452935.0,Entertainment,Niana Guerrero,443,Philippines,PH,Entertainment,7153.0,6.0,144.0,9980000.0,2500.0,39900.0,29900.0,479000.0,,2013.0,Apr,11.0,35.5,108116615.0,2.15,50975903.0,12.879721,121.774017
663,Daftar Populer,15100000,2143140898.0,Education,Daftar Populer,3810,Indonesia,ID,Entertainment,4520.0,24.0,144.0,17231000.0,4300.0,68900.0,51700.0,827100.0,100000.0,2017.0,Jan,16.0,36.3,270203917.0,4.69,151509724.0,-0.789275,113.921327
665,Ranz Kyle,15100000,1760131384.0,People & Blogs,Ranz Kyle,533,Philippines,PH,Entertainment,5849.0,7.0,145.0,12376000.0,3100.0,49500.0,37100.0,594000.0,,2008.0,Apr,27.0,35.5,108116615.0,2.15,50975903.0,12.879721,121.774017
671,EdisonPts,15100000,6668507856.0,Gaming,EdisonPts,3733,Russia,RU,Games,894.0,10.0,47.0,95603000.0,23900.0,382400.0,286800.0,4600000.0,100000.0,2013.0,Jun,24.0,81.9,144373535.0,4.59,107683889.0,61.52401,105.318756
672,BIGBANG,15100000,7857371770.0,Music,BIGBANG,776,South Korea,KR,Music,680.0,13.0,127.0,40806000.0,10200.0,163200.0,122400.0,2000000.0,,2005.0,Oct,10.0,94.3,51709098.0,4.15,42106719.0,35.907757,127.766922
674,ABS-CBN News,15100000,10489367372.0,News & Politics,ABS-CBN News,209520,Philippines,PH,News,404.0,7.0,17.0,181644000.0,45400.0,726600.0,544900.0,8700000.0,100000.0,2009.0,Oct,22.0,35.5,108116615.0,2.15,50975903.0,12.879721,121.774017
675,Chapitosiki,15100000,13897932103.0,Entertainment,Chapitosiki,2717,Russia,RU,Entertainment,256.0,9.0,143.0,713509000.0,178400.0,2900000.0,2100000.0,34200000.0,700000.0,2020.0,Jan,24.0,81.9,144373535.0,4.59,107683889.0,61.52401,105.318756
676,AdeleVEVO,15100000,12413869881.0,Music,AdeleVEVO,52,United Kingdom,GB,Music,309.0,25.0,127.0,84750000.0,21200.0,339000.0,254300.0,4100000.0,100000.0,2009.0,Oct,15.0,60.0,66834405.0,3.85,55908316.0,55.378051,-3.435973
677,MoreAliA,15000000,4352427049.0,Gaming,MoreAliA,2324,United Kingdom,GB,Games,1663.0,25.0,47.0,250995000.0,62700.0,1000000.0,753000.0,12000000.0,600000.0,2013.0,May,6.0,60.0,66834405.0,3.85,55908316.0,55.378051,-3.435973
682,XpressTV,15000000,4008801873.0,Entertainment,XpressTV,724,Mexico,MX,Entertainment,1907.0,26.0,146.0,33880000.0,8500.0,135500.0,101600.0,1600000.0,100000.0,2014.0,Nov,17.0,40.2,126014024.0,3.42,102626859.0,23.634501,-102.552784
690,KOMPASTV,15000000,11827310821.0,News & Politics,KOMPASTV,269050,Indonesia,ID,News,331.0,25.0,17.0,113064000.0,28300.0,452300.0,339200.0,5400000.0,100000.0,2013.0,Aug,23.0,36.3,270203917.0,4.69,151509724.0,-0.789275,113.921327
691,ISSEI / ï¿½ï¿½ï¿½ï¿½,15000000,13562853889.0,Comedy,ISSEI / ï¿½ï¿½ï¿½ï¿½,1788,Japan,JP,Comedy,277.0,5.0,29.0,282372000.0,70600.0,1100000.0,847100.0,13600000.0,900000.0,2014.0,Jul,23.0,63.2,126226568.0,2.29,115782416.0,36.204824,138.252924
695,MNCTV OFFICIAL,14900000,8074260978.0,Entertainment,MNCTV OFFICIAL,66362,Indonesia,ID,Entertainment,639.0,26.0,146.0,43581000.0,10900.0,174300.0,130700.0,2100000.0,100000.0,2012.0,Nov,29.0,36.3,270203917.0,4.69,151509724.0,-0.789275,113.921327
699,ýýýýýýýýýýýý8 : Thai Ch8,14900000,5549770244.0,Entertainment,ýýýýýýýýýýýý8 : Thai Ch8,27944,Thailand,TH,Entertainment,1181.0,12.0,147.0,49556000.0,12400.0,198200.0,148700.0,2400000.0,100000.0,2011.0,Oct,17.0,49.3,69625582.0,0.75,35294600.0,15.870032,100.992541
701,ýýýýýý,14900000,439098.0,People & Blogs,ýýýýýý,1,Russia,RU,News,3609784.0,10.0,19.0,7697.0,2.0,31.0,23.0,369.0,,2008.0,Aug,11.0,81.9,144373535.0,4.59,107683889.0,61.52401,105.318756
703,Bayashi TV,14900000,8615618825.0,Entertainment,ýýýýýýýýýýýýýýýýýýBAYASHITV,93,Japan,JP,Autos,3468229.0,3508.0,3271.0,2477.0,0.62,10.0,7.0,119.0,9.0,2012.0,Nov,19.0,63.2,126226568.0,2.29,115782416.0,36.204824,138.252924
712,Beast Philanthropy,14800000,272678287.0,People & Blogs,Beast Philanthropy,34,Germany,DE,Games,3968552.0,2600.0,4443.0,37883.0,9.0,152.0,114.0,1800.0,3580.0,2015.0,Jan,31.0,70.2,83132799.0,3.04,64324835.0,51.165691,10.451526
726,Doc Tops,14600000,2613197447.0,Entertainment,Doc Tops,490,Ecuador,EC,Entertainment,3458.0,1.0,150.0,16409000.0,4100.0,65600.0,49200.0,787600.0,100000.0,2014.0,Dec,29.0,44.9,17373662.0,3.97,11116711.0,-1.831239,-78.183406
734,Mis Pastelitos,14600000,2750902766.0,Howto & Style,Mis Pastelitos,603,Mexico,MX,Music,3248.0,27.0,131.0,50677000.0,12700.0,202700.0,152000.0,2400000.0,100000.0,2014.0,Jun,24.0,40.2,126014024.0,3.42,102626859.0,23.634501,-102.552784
742,BBC News,14500000,4598387043.0,News & Politics,BBC News,18972,United Kingdom,GB,News,1548.0,26.0,19.0,66273000.0,16600.0,265100.0,198800.0,3200000.0,100000.0,2006.0,Apr,8.0,60.0,66834405.0,3.85,55908316.0,55.378051,-3.435973
744,Boram Tube ToysReview [ï¿½ï¿½ï¿½ï¿½ï¿½ï¿½ï¿½ï¿½ï¿,14500000,5014888374.0,People & Blogs,Boram Tube ToysReview [ï¿½ï¿½ï¿½ï¿½ï¿½ï¿½ï¿½ï¿½ï,618,South Korea,KR,People,1364.0,14.0,47.0,4960000.0,1200.0,19800.0,14900.0,238100.0,,2016.0,May,18.0,94.3,51709098.0,4.15,42106719.0,35.907757,127.766922
747,GMM25Thailand,14500000,9383692066.0,Entertainment,GMM25Thailand,68606,Thailand,TH,Entertainment,502.0,13.0,151.0,45622000.0,11400.0,182500.0,136900.0,2200000.0,100000.0,2011.0,Jun,8.0,49.3,69625582.0,0.75,35294600.0,15.870032,100.992541
753,ýýýýýýýýýýýýýýýýýýýýý,14400000,600154268.0,Entertainment,ýýýýýýýýýýýýýýýýýýýýý,364,South Korea,KR,Entertainment,21132.0,14.0,151.0,1370000.0,342.0,5500.0,4100.0,65700.0,300000.0,2017.0,Mar,8.0,94.3,51709098.0,4.15,42106719.0,35.907757,127.766922
755,Drawblogs,14400000,1629801448.0,Entertainment,Drawblogs,399,Peru,PE,Entertainment,6402.0,1.0,152.0,1002000.0,251.0,4000.0,3000.0,48100.0,,2014.0,May,20.0,70.7,32510453.0,3.31,25390339.0,-9.189967,-75.015152
771,Wish 107.5,14200000,6048517979.0,Music,Wish 107.5,1823,Philippines,PH,Music,1036.0,8.0,134.0,62658000.0,15700.0,250600.0,188000.0,3000000.0,,2014.0,Jul,13.0,35.5,108116615.0,2.15,50975903.0,12.879721,121.774017
774,NikkieTutorials,14200000,1778318927.0,Howto & Style,NikkieTutorials,876,Netherlands,NL,Entertainment,5764.0,2.0,154.0,35934000.0,9000.0,143700.0,107800.0,1700000.0,,2008.0,Jun,23.0,85.0,17332850.0,3.2,15924729.0,52.132633,5.291266
775,TommyInnit,14200000,2084791147.0,Gaming,TommyInnit,342,United Kingdom,GB,Games,4696.0,27.0,55.0,54291000.0,13600.0,217200.0,162900.0,2600000.0,200000.0,2015.0,Dec,24.0,60.0,66834405.0,3.85,55908316.0,55.378051,-3.435973
776,E-MasterSensei,14200000,3920559552.0,Gaming,E-MasterSensei,1300,Mexico,MX,Games,1971.0,28.0,54.0,44575000.0,11100.0,178300.0,133700.0,2100000.0,200000.0,2016.0,Jan,13.0,40.2,126014024.0,3.42,102626859.0,23.634501,-102.552784
787,Supercar Blondie,14100000,5405563355.0,Autos & Vehicles,Supercar Blondie,855,United Arab Emirates,AE,Autos,1202.0,7.0,1.0,353259000.0,88300.0,1400000.0,1100000.0,17000000.0,500000.0,2007.0,Sep,12.0,36.8,9770529.0,2.35,8479744.0,23.424076,53.847818
788,Yudist Ardhana,14100000,6036496916.0,Entertainment,Yudist Ardhana,2854,Indonesia,ID,Entertainment,1029.0,27.0,154.0,176062000.0,44000.0,704200.0,528200.0,8500000.0,400000.0,2016.0,Jan,6.0,36.3,270203917.0,4.69,151509724.0,-0.789275,113.921327
791,F2Freestylers - Ultimate Soccer Skills Channel,14100000,3280481927.0,Sports,F2Freestylers - Ultimate Soccer Skills Channï¿½,777,United Kingdom,GB,Sports,2530.0,28.0,10.0,10222000.0,2600.0,40900.0,30700.0,490600.0,,2011.0,Apr,9.0,60.0,66834405.0,3.85,55908316.0,55.378051,-3.435973
792,Bie The Ska,14100000,4627069704.0,Entertainment,Bie The Ska,1540,Thailand,TH,Entertainment,1531.0,14.0,155.0,12502000.0,3100.0,50000.0,37500.0,600100.0,100000.0,2006.0,Oct,3.0,49.3,69625582.0,0.75,35294600.0,15.870032,100.992541
795,TV Ana Emilia,14000000,4674164601.0,People & Blogs,TV Ana Emilia,651,Mexico,MX,Entertainment,1504.0,29.0,156.0,26783000.0,6700.0,107100.0,80300.0,1300000.0,100000.0,2014.0,Dec,30.0,40.2,126014024.0,3.42,102626859.0,23.634501,-102.552784
796,ýýýýýýýýýýýý,14000000,7719743112.0,Gaming,ýýýýýýýýýýýý,2210,Russia,RU,Games,703.0,12.0,56.0,150570000.0,37600.0,602300.0,451700.0,7200000.0,200000.0,2013.0,Oct,26.0,81.9,144373535.0,4.59,107683889.0,61.52401,105.318756
798,Gallina Pintadita,14000000,9660950823.0,Music,Gallina Pintadita,62,Mexico,MX,Film,477.0,29.0,40.0,70626000.0,17700.0,282500.0,211900.0,3400000.0,,2011.0,Aug,2.0,40.2,126014024.0,3.42,102626859.0,23.634501,-102.552784
809,Jamuna TV,13900000,12129583055.0,News & Politics,jamuna tv24,6,Bangladesh,BD,Entertainment,4056658.0,3776.0,6756.0,1.0,0.0,0.0,0.0,0.05,,2021.0,Feb,10.0,20.6,167310838.0,4.19,60987417.0,23.684994,90.356331
817,ýýýýýýýý/Atro,13800000,2480957682.0,Gaming,ýýýýýýýý/Atro,1952,Netherlands,NL,Games,3690.0,4.0,58.0,55122000.0,13800.0,220500.0,165400.0,2600000.0,200000.0,2017.0,Jul,2.0,85.0,17332850.0,3.2,15924729.0,52.132633,5.291266
818,123 GO! Spanish,13800000,5019136690.0,People & Blogs,123 GO! Spanish,520,Mexico,MX,Howto,1361.0,30.0,28.0,26519000.0,6600.0,106100.0,79600.0,1300000.0,100000.0,2019.0,Mar,13.0,40.2,126014024.0,3.42,102626859.0,23.634501,-102.552784
819,Geo News,13800000,5727888539.0,News & Politics,Geo News,190093,Pakistan,PK,News,1127.0,6.0,21.0,100053000.0,25000.0,400200.0,300200.0,4800000.0,100000.0,2007.0,Jan,10.0,9.0,216565318.0,4.45,79927762.0,30.375321,69.345116
828,FAPTV,13700000,5457203710.0,Comedy,FAPTV,863,Vietnam,VN,Comedy,1205.0,3.0,36.0,35124000.0,8800.0,140500.0,105400.0,1700000.0,,2014.0,Feb,26.0,28.5,96462106.0,2.01,35332140.0,14.058324,108.277199
833,Zeinab Harake,13600000,896891351.0,,Zeinab Harake,273,Philippines,PH,People,13437.0,9.0,51.0,12088000.0,3000.0,48400.0,36300.0,580200.0,100000.0,2017.0,Oct,19.0,35.5,108116615.0,2.15,50975903.0,12.879721,121.774017
837,BBC,13600000,9685060624.0,Pets & Animals,BBC,16047,United Kingdom,GB,Entertainment,474.0,29.0,160.0,44414000.0,11100.0,177700.0,133200.0,2100000.0,100000.0,2005.0,Nov,12.0,60.0,66834405.0,3.85,55908316.0,55.378051,-3.435973
839,BUDI01 GAMING,13500000,1181292450.0,Gaming,BUDI01 GAMING,319,Indonesia,ID,Games,9540.0,29.0,61.0,13436000.0,3400.0,53700.0,40300.0,644900.0,,2019.0,Jul,19.0,36.3,270203917.0,4.69,151509724.0,-0.789275,113.921327
842,JULIA GISELLA,13500000,5380132790.0,Entertainment,Julia Gisella,19,United Kingdom,GB,Music,3767960.0,2492.0,3189.0,1615.0,0.4,6.0,5.0,78.0,130.0,2015.0,Mar,24.0,60.0,66834405.0,3.85,55908316.0,55.378051,-3.435973
843,Awakening Music,13500000,5545936485.0,Music,Awakening Music,814,United Kingdom,GB,Music,1183.0,30.0,140.0,35309000.0,8800.0,141200.0,105900.0,1700000.0,100000.0,2006.0,Dec,25.0,60.0,66834405.0,3.85,55908316.0,55.378051,-3.435973
846,Woody & Kleiny,13500000,11717217293.0,Comedy,Woody & Kleiny,975,United Kingdom,GB,Entertainment,333.0,29.0,160.0,495561000.0,123900.0,2000000.0,1500000.0,23800000.0,400000.0,2013.0,Mar,30.0,60.0,66834405.0,3.85,55908316.0,55.378051,-3.435973
856,My Mate Nate,13400000,3363634923.0,Comedy,My Mate Nate,1195,Thailand,TH,Entertainment,2436.0,15.0,162.0,41672000.0,10400.0,166700.0,125000.0,2000000.0,,2014.0,Dec,8.0,49.3,69625582.0,0.75,35294600.0,15.870032,100.992541
858,GMA Integrated News,13400000,9569814790.0,News & Politics,GMA Integrated News,296272,Philippines,PH,News,486.0,10.0,22.0,115459000.0,28900.0,461800.0,346400.0,5500000.0,100000.0,2007.0,Oct,29.0,35.5,108116615.0,2.15,50975903.0,12.879721,121.774017
867,ýýýýýýýýýýýýýýýýýý,13300000,6482687220.0,People & Blogs,ýýýýýýýýýýýýýýýýýý,608,Russia,RU,Entertainment,927.0,13.0,163.0,90241000.0,22600.0,361000.0,270700.0,4300000.0,100000.0,2015.0,Oct,4.0,81.9,144373535.0,4.59,107683889.0,61.52401,105.318756
876,BIBO ï¿½ï¿½ï¿½ï¿½ï¿½ï¿,13200000,1148422000.0,Entertainment,BIBO ï¿½ï¿½ï¿½ï¿½ï¿½ï¿,192,Russia,RU,Entertainment,9855.0,13.0,163.0,8769000.0,2200.0,35100.0,26300.0,420900.0,200000.0,2019.0,Jan,10.0,81.9,144373535.0,4.59,107683889.0,61.52401,105.318756
880,Vilmei,13200000,4205664894.0,,Vilmei,1324,Indonesia,ID,People,1786.0,30.0,55.0,264308000.0,66100.0,1100000.0,792900.0,12700000.0,800000.0,2013.0,Sep,25.0,36.3,270203917.0,4.69,151509724.0,-0.789275,113.921327
888,Alex Gonzaga Official,13100000,1401914513.0,People & Blogs,Alex Gonzaga Official,287,Philippines,PH,People,7733.0,11.0,56.0,10848000.0,2700.0,43400.0,32500.0,520700.0,,2017.0,Jul,18.0,35.5,108116615.0,2.15,50975903.0,12.879721,121.774017
897,RaptorGamer,13100000,2879263916.0,People & Blogs,RaptorGamer,1444,Ecuador,EC,Games,3044.0,2.0,65.0,62909000.0,15700.0,251600.0,188700.0,3000000.0,300000.0,2016.0,Jul,16.0,44.9,17373662.0,3.97,11116711.0,-1.831239,-78.183406
903,Calon Sarjana,13000000,10664585.0,Entertainment,Calon Sarjana,29,Indonesia,ID,Entertainment,772571.0,31.0,166.0,2292000000.0,0.0,0.0,0.0,0.0,300000.0,2016.0,Jan,20.0,36.3,270203917.0,4.69,151509724.0,-0.789275,113.921327
906,GH'S,13000000,8739174649.0,Gaming,GH'S,510,South Korea,KR,Games,553.0,15.0,65.0,1081000000.0,270300.0,4300000.0,3200000.0,51900000.0,1000000.0,2020.0,Jul,7.0,94.3,51709098.0,4.15,42106719.0,35.907757,127.766922
908,Wolfoo Channel,13000000,301547793.0,,Wolfoo Channel,22,Pakistan,PK,People,4035874.0,3926.0,7638.0,590.0,0.15,2.0,2.0,28.0,8.0,2021.0,Aug,11.0,9.0,216565318.0,4.45,79927762.0,30.375321,69.345116
909,Susy Mouriz,13000000,6270909026.0,Entertainment,Susy Mouriz,1299,Mexico,MX,Entertainment,969.0,31.0,165.0,368437000.0,92100.0,1500000.0,1100000.0,17700000.0,600000.0,2017.0,Mar,18.0,40.2,126014024.0,3.42,102626859.0,23.634501,-102.552784
915,BIBOï¿½ï¿½ï¿½ï¿½ï,12900000,3178222797.0,Entertainment,BIBOï¿½ï¿½ï¿½ï¿½ï,193,South Korea,KR,Entertainment,2649.0,16.0,167.0,4001000.0,1000.0,16000.0,12000.0,192100.0,,2016.0,Aug,8.0,94.3,51709098.0,4.15,42106719.0,35.907757,127.766922
918,AlArabiya ï¿½ï¿½ï¿½ï¿½ï¿,12900000,7520379951.0,People & Blogs,AlArabiya ï¿½ï¿½ï¿½ï¿½ï¿,169304,United Arab Emirates,AE,News,737.0,8.0,23.0,80219000.0,20100.0,320900.0,240700.0,3900000.0,100000.0,2006.0,Sep,19.0,36.8,9770529.0,2.35,8479744.0,23.424076,53.847818
922,The Shiny Peanut,12900000,2848466522.0,Education,The Shiny Peanut,2337,Indonesia,ID,Entertainment,3109.0,32.0,167.0,837700.0,209.0,3400.0,2500.0,40200.0,,2016.0,Oct,26.0,36.3,270203917.0,4.69,151509724.0,-0.789275,113.921327
923,Talking Angela,12800000,3632438963.0,Entertainment,Talking Angela,233,United Kingdom,GB,Film,2184.0,31.0,45.0,27957000.0,7000.0,111800.0,83900.0,1300000.0,,2014.0,Sep,2.0,60.0,66834405.0,3.85,55908316.0,55.378051,-3.435973
933,Franco Escamilla,12700000,4266957149.0,Comedy,Franco Escamilla,2483,Mexico,MX,Comedy,1740.0,32.0,41.0,77482000.0,19400.0,309900.0,232400.0,3700000.0,100000.0,2007.0,Oct,19.0,40.2,126014024.0,3.42,102626859.0,23.634501,-102.552784
944,Morgz,12600000,3303595310.0,Gaming,Morgz,825,United Kingdom,GB,Entertainment,2491.0,32.0,170.0,58838000.0,14700.0,235400.0,176500.0,2800000.0,100000.0,2014.0,Jun,10.0,60.0,66834405.0,3.85,55908316.0,55.378051,-3.435973
946,ýýýýýýýýýSULGI,12600000,3485373675.0,People & Blogs,ýýýýýýýýýSULGI,683,South Korea,KR,People,2313.0,17.0,61.0,113132000.0,28300.0,452500.0,339400.0,5400000.0,300000.0,2012.0,Nov,5.0,94.3,51709098.0,4.15,42106719.0,35.907757,127.766922
948,Ellie Goulding,12600000,6969178081.0,Music,Ellie Goulding,218,United Kingdom,GB,Music,841.0,32.0,148.0,36681000.0,9200.0,146700.0,110000.0,1800000.0,,2007.0,Jan,29.0,60.0,66834405.0,3.85,55908316.0,55.378051,-3.435973
949,colinfurze,12500000,1612094871.0,Entertainment,colinfurze,385,United Kingdom,GB,Entertainment,6487.0,33.0,171.0,8482000.0,2100.0,33900.0,25400.0,407200.0,,2006.0,Nov,15.0,60.0,66834405.0,3.85,55908316.0,55.378051,-3.435973
954,Yair17,12500000,1402042328.0,Gaming,Yair17,1109,Mexico,MX,Games,7741.0,33.0,68.0,8869000.0,2200.0,35500.0,26600.0,425700.0,,2014.0,Jan,22.0,40.2,126014024.0,3.42,102626859.0,23.634501,-102.552784
957,Mï¿½ï¿½ï¿½ï¿½,12500000,3140883140.0,Travel & Events,Mï¿½ï¿½ï¿½ï¿½,766,Mexico,MX,Entertainment,2691.0,33.0,171.0,31007000.0,7800.0,124000.0,93000.0,1500000.0,,2015.0,Jul,6.0,40.2,126014024.0,3.42,102626859.0,23.634501,-102.552784
962,elcarteldesantatv,12500000,7489455451.0,Music,elcarteldesantatv,377,Mexico,MX,Entertainment,743.0,33.0,171.0,115881000.0,29000.0,463500.0,347600.0,5600000.0,100000.0,2008.0,Nov,27.0,40.2,126014024.0,3.42,102626859.0,23.634501,-102.552784
970,Quantum Tech HD,12500000,4340213066.0,Science & Technology,Mr_Mughall Gaming,223,Pakistan,PK,,3956586.0,3554.0,,8721.0,2.0,35.0,26.0,419.0,32.0,2022.0,Apr,23.0,9.0,216565318.0,4.45,79927762.0,30.375321,69.345116
975,Gibby :),12400000,2862685032.0,People & Blogs,Gibby :),226,Mexico,MX,People,3087.0,34.0,63.0,10278000.0,2600.0,41100.0,30800.0,493300.0,,2014.0,Aug,30.0,40.2,126014024.0,3.42,102626859.0,23.634501,-102.552784
977,SAAIHALILINTAR,12400000,1113066203.0,Entertainment,SAAIHALILINTAR,409,Indonesia,ID,Entertainment,10271.0,34.0,172.0,806075.0,202.0,3200.0,2400.0,38700.0,,2012.0,Apr,28.0,36.3,270203917.0,4.69,151509724.0,-0.789275,113.921327
983,DisneyChannelUK,12400000,12607488647.0,Music,DisneyChannelUK,4422,United Kingdom,GB,Entertainment,306.0,34.0,172.0,34758000.0,8700.0,139000.0,104300.0,1700000.0,,2007.0,Dec,6.0,60.0,66834405.0,3.85,55908316.0,55.378051,-3.435973
993,Panda,12300000,2214684303.0,,HybridPanda,2452,United Kingdom,GB,Games,129005.0,867.0,1202.0,67035.0,17.0,268.0,201.0,3200.0,1000.0,2006.0,Sep,11.0,60.0,66834405.0,3.85,55908316.0,55.378051,-3.435973
